{
  "Version": 1,
  "ManifestType": "Publish",
  "Endpoints": [
    {
      "Route": "_content/BlazorAnimation/animate.css",
      "AssetFile": "_content/BlazorAnimation/animate.css",
      "Selectors": [],
      "ResponseHeaders": [
        {
          "Name": "Accept-Ranges",
          "Value": "bytes"
        },
        {
          "Name": "Cache-Control",
          "Value": "no-cache"
        },
        {
          "Name": "Content-Length",
          "Value": "95272"
        },
        {
          "Name": "Content-Type",
          "Value": "text/css"
        },
        {
          "Name": "ETag",
          "Value": "\"qbO919CAYK4kRxWDRW3CehclkGcaxvcdMilLG4sKVe8=\""
        },
        {
          "Name": "Last-Modified",
          "Value": "Thu, 02 Dec 2021 07:57:10 GMT"
        }
      ],
      "EndpointProperties": [
        {
          "Name": "integrity",
          "Value": "sha256-qbO919CAYK4kRxWDRW3CehclkGcaxvcdMilLG4sKVe8="
        }
      ]
    },
    {
      "Route": "_content/BlazorAnimation/blazorAnimationInterop.js",
      "AssetFile": "_content/BlazorAnimation/blazorAnimationInterop.js",
      "Selectors": [],
      "ResponseHeaders": [
        {
          "Name": "Accept-Ranges",
          "Value": "bytes"
        },
        {
          "Name": "Cache-Control",
          "Value": "no-cache"
        },
        {
          "Name": "Content-Length",
          "Value": "427"
        },
        {
          "Name": "Content-Type",
          "Value": "text/javascript"
        },
        {
          "Name": "ETag",
          "Value": "\"+t/o5a1+4WbQxhoZypQHhvyATOlNrCBf5wRvVZ3/lrU=\""
        },
        {
          "Name": "Last-Modified",
          "Value": "Mon, 02 Jan 2023 09:32:08 GMT"
        }
      ],
      "EndpointProperties": [
        {
          "Name": "integrity",
          "Value": "sha256-+t/o5a1+4WbQxhoZypQHhvyATOlNrCBf5wRvVZ3/lrU="
        }
      ]
    },
    {
      "Route": "_content/Extensions.MudBlazor.StaticInput/NavigationObserver.js",
      "AssetFile": "_content/Extensions.MudBlazor.StaticInput/NavigationObserver.js",
      "Selectors": [],
      "ResponseHeaders": [
        {
          "Name": "Accept-Ranges",
          "Value": "bytes"
        },
        {
          "Name": "Cache-Control",
          "Value": "no-cache"
        },
        {
          "Name": "Content-Length",
          "Value": "2006"
        },
        {
          "Name": "Content-Type",
          "Value": "text/javascript"
        },
        {
          "Name": "ETag",
          "Value": "\"rKpItVsvabar2drKSty3wBKczh+BJZ8tXr9UaYa3p9g=\""
        },
        {
          "Name": "Last-Modified",
          "Value": "Mon, 21 Oct 2024 18:52:04 GMT"
        }
      ],
      "EndpointProperties": [
        {
          "Name": "integrity",
          "Value": "sha256-rKpItVsvabar2drKSty3wBKczh+BJZ8tXr9UaYa3p9g="
        }
      ]
    },
    {
      "Route": "_content/MudBlazor/MudBlazor.min.css",
      "AssetFile": "_content/MudBlazor/MudBlazor.min.css",
      "Selectors": [],
      "ResponseHeaders": [
        {
          "Name": "Accept-Ranges",
          "Value": "bytes"
        },
        {
          "Name": "Cache-Control",
          "Value": "no-cache"
        },
        {
          "Name": "Content-Length",
          "Value": "580975"
        },
        {
          "Name": "Content-Type",
          "Value": "text/css"
        },
        {
          "Name": "ETag",
          "Value": "\"2gItJ0j/o5RSWg7VYqCOBpSPI1dxTOG+mnEzWt7EvYw=\""
        },
        {
          "Name": "Last-Modified",
          "Value": "Fri, 17 Jan 2025 17:00:50 GMT"
        }
      ],
      "EndpointProperties": [
        {
          "Name": "integrity",
          "Value": "sha256-2gItJ0j/o5RSWg7VYqCOBpSPI1dxTOG+mnEzWt7EvYw="
        }
      ]
    },
    {
      "Route": "_content/MudBlazor/MudBlazor.min.js",
      "AssetFile": "_content/MudBlazor/MudBlazor.min.js",
      "Selectors": [],
      "ResponseHeaders": [
        {
          "Name": "Accept-Ranges",
          "Value": "bytes"
        },
        {
          "Name": "Cache-Control",
          "Value": "no-cache"
        },
        {
          "Name": "Content-Length",
          "Value": "49824"
        },
        {
          "Name": "Content-Type",
          "Value": "text/javascript"
        },
        {
          "Name": "ETag",
          "Value": "\"geXX14pnDwFT+yUxYoAOx7xU4GLnDCWwzb6rVTWgXKo=\""
        },
        {
          "Name": "Last-Modified",
          "Value": "Fri, 17 Jan 2025 17:00:50 GMT"
        }
      ],
      "EndpointProperties": [
        {
          "Name": "integrity",
          "Value": "sha256-geXX14pnDwFT+yUxYoAOx7xU4GLnDCWwzb6rVTWgXKo="
        }
      ]
    },
    {
      "Route": "css/site.css",
      "AssetFile": "css/site.css",
      "Selectors": [],
      "ResponseHeaders": [
        {
          "Name": "Accept-Ranges",
          "Value": "bytes"
        },
        {
          "Name": "Cache-Control",
          "Value": "no-cache"
        },
        {
          "Name": "Content-Length",
          "Value": "1059"
        },
        {
          "Name": "Content-Type",
          "Value": "text/css"
        },
        {
          "Name": "ETag",
          "Value": "\"ofOHqWMS4MGNCydlJgNHokeKCDFzeRzNL/Ilq9sm+TE=\""
        },
        {
          "Name": "Last-Modified",
          "Value": "Wed, 07 May 2025 07:57:58 GMT"
        }
      ],
      "EndpointProperties": [
        {
          "Name": "integrity",
          "Value": "sha256-ofOHqWMS4MGNCydlJgNHokeKCDFzeRzNL/Ilq9sm+TE="
        }
      ]
    },
    {
      "Route": "css/site.jzmkn5vn8t.css",
      "AssetFile": "css/site.css",
      "Selectors": [],
      "ResponseHeaders": [
        {
          "Name": "Accept-Ranges",
          "Value": "bytes"
        },
        {
          "Name": "Cache-Control",
          "Value": "max-age=31536000, immutable"
        },
        {
          "Name": "Content-Length",
          "Value": "1059"
        },
        {
          "Name": "Content-Type",
          "Value": "text/css"
        },
        {
          "Name": "ETag",
          "Value": "\"ofOHqWMS4MGNCydlJgNHokeKCDFzeRzNL/Ilq9sm+TE=\""
        },
        {
          "Name": "Last-Modified",
          "Value": "Wed, 07 May 2025 07:57:58 GMT"
        }
      ],
      "EndpointProperties": [
        {
          "Name": "fingerprint",
          "Value": "jzmkn5vn8t"
        },
        {
          "Name": "integrity",
          "Value": "sha256-ofOHqWMS4MGNCydlJgNHokeKCDFzeRzNL/Ilq9sm+TE="
        },
        {
          "Name": "label",
          "Value": "css/site.css"
        }
      ]
    },
    {
      "Route": "favicon.2jeq8efc6q.ico",
      "AssetFile": "favicon.ico",
      "Selectors": [],
      "ResponseHeaders": [
        {
          "Name": "Accept-Ranges",
          "Value": "bytes"
        },
        {
          "Name": "Cache-Control",
          "Value": "max-age=31536000, immutable"
        },
        {
          "Name": "Content-Length",
          "Value": "15086"
        },
        {
          "Name": "Content-Type",
          "Value": "image/x-icon"
        },
        {
          "Name": "ETag",
          "Value": "\"8kNQh+LErZHx3sMz237BHWFasAGQ88EWakJrWWYOxTA=\""
        },
        {
          "Name": "Last-Modified",
          "Value": "Wed, 07 May 2025 07:57:58 GMT"
        }
      ],
      "EndpointProperties": [
        {
          "Name": "fingerprint",
          "Value": "2jeq8efc6q"
        },
        {
          "Name": "integrity",
          "Value": "sha256-8kNQh+LErZHx3sMz237BHWFasAGQ88EWakJrWWYOxTA="
        },
        {
          "Name": "label",
          "Value": "favicon.ico"
        }
      ]
    },
    {
      "Route": "favicon.ico",
      "AssetFile": "favicon.ico",
      "Selectors": [],
      "ResponseHeaders": [
        {
          "Name": "Accept-Ranges",
          "Value": "bytes"
        },
        {
          "Name": "Cache-Control",
          "Value": "max-age=3600, must-revalidate"
        },
        {
          "Name": "Content-Length",
          "Value": "15086"
        },
        {
          "Name": "Content-Type",
          "Value": "image/x-icon"
        },
        {
          "Name": "ETag",
          "Value": "\"8kNQh+LErZHx3sMz237BHWFasAGQ88EWakJrWWYOxTA=\""
        },
        {
          "Name": "Last-Modified",
          "Value": "Wed, 07 May 2025 07:57:58 GMT"
        }
      ],
      "EndpointProperties": [
        {
          "Name": "integrity",
          "Value": "sha256-8kNQh+LErZHx3sMz237BHWFasAGQ88EWakJrWWYOxTA="
        }
      ]
    },
    {
      "Route": "img/C Sharp logo.svg",
      "AssetFile": "img/C Sharp logo.svg",
      "Selectors": [],
      "ResponseHeaders": [
        {
          "Name": "Accept-Ranges",
          "Value": "bytes"
        },
        {
          "Name": "Cache-Control",
          "Value": "max-age=3600, must-revalidate"
        },
        {
          "Name": "Content-Length",
          "Value": "2547"
        },
        {
          "Name": "Content-Type",
          "Value": "image/svg+xml"
        },
        {
          "Name": "ETag",
          "Value": "\"H14XmdT58fICDgoAu/te5b7c4/MhDOSMsaDzvTUT2Ho=\""
        },
        {
          "Name": "Last-Modified",
          "Value": "Wed, 07 May 2025 07:57:58 GMT"
        }
      ],
      "EndpointProperties": [
        {
          "Name": "integrity",
          "Value": "sha256-H14XmdT58fICDgoAu/te5b7c4/MhDOSMsaDzvTUT2Ho="
        }
      ]
    },
    {
      "Route": "img/C Sharp logo.z7475iq4mv.svg",
      "AssetFile": "img/C Sharp logo.svg",
      "Selectors": [],
      "ResponseHeaders": [
        {
          "Name": "Accept-Ranges",
          "Value": "bytes"
        },
        {
          "Name": "Cache-Control",
          "Value": "max-age=31536000, immutable"
        },
        {
          "Name": "Content-Length",
          "Value": "2547"
        },
        {
          "Name": "Content-Type",
          "Value": "image/svg+xml"
        },
        {
          "Name": "ETag",
          "Value": "\"H14XmdT58fICDgoAu/te5b7c4/MhDOSMsaDzvTUT2Ho=\""
        },
        {
          "Name": "Last-Modified",
          "Value": "Wed, 07 May 2025 07:57:58 GMT"
        }
      ],
      "EndpointProperties": [
        {
          "Name": "fingerprint",
          "Value": "z7475iq4mv"
        },
        {
          "Name": "integrity",
          "Value": "sha256-H14XmdT58fICDgoAu/te5b7c4/MhDOSMsaDzvTUT2Ho="
        },
        {
          "Name": "label",
          "Value": "img/C Sharp logo.svg"
        }
      ]
    },
    {
      "Route": "img/blazor-logo.ktvuh5jcvm.png",
      "AssetFile": "img/blazor-logo.png",
      "Selectors": [],
      "ResponseHeaders": [
        {
          "Name": "Accept-Ranges",
          "Value": "bytes"
        },
        {
          "Name": "Cache-Control",
          "Value": "max-age=31536000, immutable"
        },
        {
          "Name": "Content-Length",
          "Value": "19650"
        },
        {
          "Name": "Content-Type",
          "Value": "image/png"
        },
        {
          "Name": "ETag",
          "Value": "\"aO5QHBE8NFfjFGhZ7fFWs4GqzYpOaUiwEVzp3Gmukqo=\""
        },
        {
          "Name": "Last-Modified",
          "Value": "Wed, 07 May 2025 07:57:58 GMT"
        }
      ],
      "EndpointProperties": [
        {
          "Name": "fingerprint",
          "Value": "ktvuh5jcvm"
        },
        {
          "Name": "integrity",
          "Value": "sha256-aO5QHBE8NFfjFGhZ7fFWs4GqzYpOaUiwEVzp3Gmukqo="
        },
        {
          "Name": "label",
          "Value": "img/blazor-logo.png"
        }
      ]
    },
    {
      "Route": "img/blazor-logo.png",
      "AssetFile": "img/blazor-logo.png",
      "Selectors": [],
      "ResponseHeaders": [
        {
          "Name": "Accept-Ranges",
          "Value": "bytes"
        },
        {
          "Name": "Cache-Control",
          "Value": "max-age=3600, must-revalidate"
        },
        {
          "Name": "Content-Length",
          "Value": "19650"
        },
        {
          "Name": "Content-Type",
          "Value": "image/png"
        },
        {
          "Name": "ETag",
          "Value": "\"aO5QHBE8NFfjFGhZ7fFWs4GqzYpOaUiwEVzp3Gmukqo=\""
        },
        {
          "Name": "Last-Modified",
          "Value": "Wed, 07 May 2025 07:57:58 GMT"
        }
      ],
      "EndpointProperties": [
        {
          "Name": "integrity",
          "Value": "sha256-aO5QHBE8NFfjFGhZ7fFWs4GqzYpOaUiwEVzp3Gmukqo="
        }
      ]
    },
    {
      "Route": "img/html.jziny2oo4h.png",
      "AssetFile": "img/html.png",
      "Selectors": [],
      "ResponseHeaders": [
        {
          "Name": "Accept-Ranges",
          "Value": "bytes"
        },
        {
          "Name": "Cache-Control",
          "Value": "max-age=31536000, immutable"
        },
        {
          "Name": "Content-Length",
          "Value": "38667"
        },
        {
          "Name": "Content-Type",
          "Value": "image/png"
        },
        {
          "Name": "ETag",
          "Value": "\"IRbrqBqcaaa1FctB7NlyMkOVImTItOqZ22lnDxnNDUY=\""
        },
        {
          "Name": "Last-Modified",
          "Value": "Wed, 07 May 2025 07:57:58 GMT"
        }
      ],
      "EndpointProperties": [
        {
          "Name": "fingerprint",
          "Value": "jziny2oo4h"
        },
        {
          "Name": "integrity",
          "Value": "sha256-IRbrqBqcaaa1FctB7NlyMkOVImTItOqZ22lnDxnNDUY="
        },
        {
          "Name": "label",
          "Value": "img/html.png"
        }
      ]
    },
    {
      "Route": "img/html.png",
      "AssetFile": "img/html.png",
      "Selectors": [],
      "ResponseHeaders": [
        {
          "Name": "Accept-Ranges",
          "Value": "bytes"
        },
        {
          "Name": "Cache-Control",
          "Value": "max-age=3600, must-revalidate"
        },
        {
          "Name": "Content-Length",
          "Value": "38667"
        },
        {
          "Name": "Content-Type",
          "Value": "image/png"
        },
        {
          "Name": "ETag",
          "Value": "\"IRbrqBqcaaa1FctB7NlyMkOVImTItOqZ22lnDxnNDUY=\""
        },
        {
          "Name": "Last-Modified",
          "Value": "Wed, 07 May 2025 07:57:58 GMT"
        }
      ],
      "EndpointProperties": [
        {
          "Name": "integrity",
          "Value": "sha256-IRbrqBqcaaa1FctB7NlyMkOVImTItOqZ22lnDxnNDUY="
        }
      ]
    }
  ]
}